key,English (en)
META_DEFAULT_TITLE,Citizen OS - an e-decisionmaking platform for communities.
META_DEFAULT_DESCRIPTION,"Citizen OS enables participative discussion and voting for groups, when getting together offline or online at the same time is not an option."
META_DEFAULT_KEYWORDS,"e-decisionmaking, e-governance, e-democracy, democracy, direct democracy, liquid democracy"
BTN_YES,YES
BTN_NO,NO
LNK_CANCEL,Cancel
TOGGLE_ON,ON
TOGGLE_OFF,OFF
TXT_TOPIC_STATUS_ALL,all
TXT_TOPIC_STATUS_INPROGRESS,in progress
TXT_TOPIC_STATUS_VOTING,in voting
TXT_TOPIC_STATUS_FOLLOWUP,in follow up
TXT_TOPIC_STATUS_CLOSED,closed
TXT_TOPIC_LEVELS_ADMIN,admin
TXT_TOPIC_LEVELS_EDIT,edit
TXT_TOPIC_LEVELS_READ,read
TXT_TOPIC_LEVELS_NONE,none
TXT_TOPIC_VISIBILITY_PUBLIC,Public topic
TXT_TOPIC_VISIBILITY_PRIVATE,Private topic
TXT_REPORT_TYPES_NULL,Select a report reason
TXT_REPORT_TYPES_ABUSE,Is abusive or insulting
TXT_REPORT_TYPES_OBSCENE,Contains obscene language
TXT_REPORT_TYPES_SPAM,Contains spam or is unrelated to topic
TXT_REPORT_TYPES_HATE,Contains hate speech
TXT_REPORT_TYPES_NETIQUETTE,Infringes (n)etiquette
TXT_REPORT_TYPES_DUPLICATE,Is a duplicate
TXT_MODERATION_TYPES_NULL,Select a moderation reason
TXT_MODERATION_TYPES_ABUSE,@:TXT_REPORT_TYPES_ABUSE
TXT_MODERATION_TYPES_OBSCENE,@:TXT_REPORT_TYPES_OBSCENE
TXT_MODERATION_TYPES_SPAM,@:TXT_REPORT_TYPES_SPAM
TXT_MODERATION_TYPES_HATE,@:TXT_REPORT_TYPES_HATE
TXT_MODERATION_TYPES_NETIQUETTE,@:TXT_REPORT_TYPES_NETIQUETTE
TXT_MODERATION_TYPES_DUPLICATE,@:TXT_REPORT_TYPES_DUPLICATE
MODALS.GROUP_DELETE_CONFIRM_HEADING,Delete group
MODALS.GROUP_DELETE_CONFIRM_TXT_ARE_YOU_SURE,Are you sure you want to delete this group?
MODALS.GROUP_DELETE_CONFIRM_TXT_NO_UNDO,@:MODALS.TOPIC_CLOSE_CONFIRM_TXT_NO_UNDO
MODALS.GROUP_DELETE_CONFIRM_TXT_GROUP_DELETED,The group will be deleted.
MODALS.GROUP_DELETE_CONFIRM_TXT_LOSE_ACCESS,All members of the group lose access to topics related to this group.
MODALS.GROUP_DELETE_CONFIRM_BTN_NO,"NO, KEEP THIS GROUP"
MODALS.GROUP_DELETE_CONFIRM_BTN_YES,"YES, DELETE THIS GROUP"
MODALS.GROUP_MEMBER_TOPIC_DELETE_CONFIRM_HEADING,Remove topic
MODALS.GROUP_MEMBER_TOPIC_DELETE_CONFIRM_TXT_ARE_YOU_SURE,Are you sure you want to remove this topic?
MODALS.GROUP_MEMBER_TOPIC_DELETE_CONFIRM_BTN_NO,@:BTN_NO
MODALS.GROUP_MEMBER_TOPIC_DELETE_CONFIRM_BTN_YES,"YES, REMOVE"
MODALS.GROUP_MEMBER_USER_DELETE_CONFIRM_HEADING,Delete user
MODALS.GROUP_MEMBER_USER_DELETE_CONFIRM_TXT_ARE_YOU_SURE,Are you sure you want to delete this user?
MODALS.GROUP_MEMBER_USER_DELETE_CONFIRM_BTN_NO,@:BTN_NO
MODALS.GROUP_MEMBER_USER_DELETE_CONFIRM_BTN_YES,@:BTN_YES
MODALS.GROUP_MEMBER_USER_LEAVE_CONFIRM_HEADING,Leave group
MODALS.GROUP_MEMBER_USER_LEAVE_CONFIRM_TXT_ARE_YOU_SURE,Are you sure you want to leave this group?
MODALS.GROUP_MEMBER_USER_LEAVE_CONFIRM_BTN_NO,@:BTN_NO
MODALS.GROUP_MEMBER_USER_LEAVE_CONFIRM_BTN_YES,@:BTN_YES
MODALS.TOPIC_CLOSE_CONFIRM_HEADING_CLOSE_TOPIC,Close topic
MODALS.TOPIC_CLOSE_CONFIRM_TXT_ARE_YOU_SURE,Are you sure you want to continue?
MODALS.TOPIC_CLOSE_CONFIRM_TXT_NO_UNDO,Please keep in mind you cannot undo this action.
MODALS.TOPIC_CLOSE_CONFIRM_TXT_NO_EDIT,"The topic will close, it's contents can no longer be edited."
MODALS.TOPIC_CLOSE_CONFIRM_TXT_NO_VOTE,"Voting will end, further voting will not be possible."
MODALS.TOPIC_CLOSE_CONFIRM_BTN_NO,"NO, DON'T CLOSE THE TOPIC"
MODALS.TOPIC_CLOSE_CONFIRM_BTN_YES,"YES, CLOSE THE TOPIC"
MODALS.TOPIC_DELETE_CONFIRM_HEADING,Delete topic
MODALS.TOPIC_DELETE_CONFIRM_TXT_ARE_YOU_SURE,Are you sure you want to delete this topic?
MODALS.TOPIC_DELETE_CONFIRM_TXT_NO_UNDO,@:MODALS.TOPIC_CLOSE_CONFIRM_TXT_NO_UNDO
MODALS.TOPIC_DELETE_CONFIRM_TXT_TOPIC_DELETED,All versions of the topic will be deleted
MODALS.TOPIC_DELETE_CONFIRM_TXT_DISCUSSION_DELETED,All discussions and votes will be deleted.
MODALS.TOPIC_DELETE_CONFIRM_TXT_TOPIC_REMOVED_FROM_GROUPS,The topic will be removed from groups and categories.
MODALS.TOPIC_DELETE_CONFIRM_NO,"NO, KEEP THIS TOPIC"
MODALS.TOPIC_DELETE_CONFIRM_YES,"YES, DELETE THIS TOPIC"
MODALS.TOPIC_MEMBER_GROUP_DELETE_CONFIRM_HEADING,Remove group
MODALS.TOPIC_MEMBER_GROUP_DELETE_CONFIRM_TXT_ARE_YOU_SURE,Are you sure you want to remove this group?
MODALS.TOPIC_MEMBER_GROUP_DELETE_CONFIRM_BTN_NO,@:BTN_NO
MODALS.TOPIC_MEMBER_GROUP_DELETE_CONFIRM_BTN_YES,@:MODALS.GROUP_MEMBER_TOPIC_DELETE_CONFIRM_BTN_YES
MODALS.TOPIC_MEMBER_USER_DELETE_CONFIRM_HEADING,@:MODALS.GROUP_MEMBER_USER_DELETE_CONFIRM_HEADING
MODALS.TOPIC_MEMBER_USER_DELETE_CONFIRM_TXT_ARE_YOU_SURE,@:MODALS.GROUP_MEMBER_USER_DELETE_CONFIRM_TXT_ARE_YOU_SURE
MODALS.TOPIC_MEMBER_USER_DELETE_CONFIRM_NO,@:BTN_NO
MODALS.TOPIC_MEMBER_USER_DELETE_CONFIRM_YES,@:BTN_YES
MODALS.TOPIC_MEMBER_USER_LEAVE_CONFIRM_HEADING,Leave topic
MODALS.TOPIC_MEMBER_USER_LEAVE_CONFIRM_TXT_ARE_YOU_SURE,Are you sure you want to leave this topic?
MODALS.TOPIC_MEMBER_USER_LEAVE_CONFIRM_BTN_NO,@:BTN_NO
MODALS.TOPIC_MEMBER_USER_LEAVE_CONFIRM_BTN_YES,@:BTN_YES
MODALS.TOPIC_SEND_TO_FOLLOWUP_CONFIRM_HEADING,Send topic to follow up
MODALS.TOPIC_SEND_TO_FOLLOWUP_CONFIRM_TXT_ARE_YOU_SURE,@:MODALS.TOPIC_CLOSE_CONFIRM_TXT_ARE_YOU_SURE
MODALS.TOPIC_SEND_TO_FOLLOWUP_CONFIRM_TXT_NO_EDIT,@:MODALS.TOPIC_CLOSE_CONFIRM_TXT_NO_EDIT
MODALS.TOPIC_SEND_TO_FOLLOWUP_CONFIRM_TXT_NO_VOTE,@:MODALS.TOPIC_CLOSE_CONFIRM_TXT_NO_VOTE
MODALS.TOPIC_SEND_TO_FOLLOWUP_CONFIRM_BTN_NO,"NO, DON'T CHANGE STATUS"
MODALS.TOPIC_SEND_TO_FOLLOWUP_CONFIRM_BTN_YES,"YES, CHANGE THE STATUS"
MODALS.TOPIC_SEND_TO_VOTE_CONFIRM_HEADING,Send topic to vote
MODALS.TOPIC_SEND_TO_VOTE_CONFIRM_TXT_ARE_YOU_SURE,@:MODALS.TOPIC_CLOSE_CONFIRM_TXT_ARE_YOU_SURE
MODALS.TOPIC_SEND_TO_VOTE_CONFIRM_TXT_NO_EDIT,@:MODALS.TOPIC_CLOSE_CONFIRM_TXT_NO_EDIT
MODALS.TOPIC_SEND_TO_VOTE_CONFIRM_BTN_NO,@:MODALS.TOPIC_SEND_TO_FOLLOWUP_CONFIRM_BTN_NO
MODALS.TOPIC_SEND_TO_VOTE_CONFIRM_BTN_YES,@:MODALS.TOPIC_SEND_TO_FOLLOWUP_CONFIRM_BTN_YES
MODALS.TOPIC_COMMENT_REPORT_HEADING,Report comment
MODALS.TOPIC_COMMENT_REPORT_DESCRIPTION,Comment by {{usersFullName}}
MODALS.TOPIC_COMMENT_REPORT_LABEL_REASON,Reason for deleting
MODALS.TOPIC_COMMENT_REPORT_LABEL_REASON_REQUIRED,(required)
MODALS.TOPIC_COMMENT_REPORT_PLACEHOLDER_REPORT_TEXT,Explain why you find this comment inappropriate...
MODALS.TOPIC_COMMENT_REPORT_TXT_ARE_YOU_SURE,Are you sure you want to report this comment? You cannot undo this action.
MODALS.TOPIC_COMMENT_REPORT_BTN_YES,"YES, REPORT THIS COMMENT"
MODALS.TOPIC_COMMENT_REPORT_BTN_NO,"NO, I CHANGED MY MIND"
MODALS.TOPIC_COMMENT_MODERATE_HEADING,Moderate comment
MODALS.TOPIC_COMMENT_MODERATE_TXT_USER_WROTE,User wrote:
MODALS.TOPIC_COMMENT_MODERATE_LABEL_REASON,Reason for moderating
MODALS.TOPIC_COMMENT_MODERATE_PLACEHOLDER_REPORT_TEXT,@:MODALS.TOPIC_COMMENT_REPORT_PLACEHOLDER_REPORT_TEXT
MODALS.TOPIC_COMMENT_MODERATE_TXT_ARE_YOU_SURE,Are you sure you want to moderate this comment? You cannot undo this action.
MODALS.TOPIC_COMMENT_MODERATE_BTN_NO,@:MODALS.TOPIC_COMMENT_REPORT_BTN_NO
MODALS.TOPIC_COMMENT_MODERATE_BTN_YES,"YES, MODERATE THIS COMMENT"
MODALS.TOPIC_DELETE_COMMENT_TITLE,Delete argument
MODALS.TOPIC_DELETE_COMMENT_DESCRIPTION,{{usersFullName}} argument
MODALS.TOPIC_DELETE_COMMENT_TXT_ARE_YOU_SURE,Are you sure you want to delete this comment? You cannot undo this action.
MODALS.TOPIC_DELETE_COMMENT_BTN_NO,@:MODALS.TOPIC_COMMENT_REPORT_BTN_NO
MODALS.TOPIC_DELETE_COMMENT_BTN_YES,"YES, DELETE THIS COMMENT"
MODALS.LOGIN_HEADING,Log in / Register
MODALS.LOGIN_BTN_LOGIN_FACEBOOK,Log in with Facebook account
MODALS.LOGIN_BTN_LOGIN_GOOGLE,Log in with Google account
MODALS.LOGIN_BTN_LOGIN_ESTEID,Log in with ID-card / mobile-ID
MODALS.LOGIN_BTN_LOGIN_SMARTID,Log in with Smart-ID
MODALS.LOGIN_BTN_LOGIN_REGISTER,@:MODALS.LOGIN_HEADING
MODALS.LOGIN_LNK_FORGOT_PASSWORD,Forgot password?
MODALS.LOGIN_PLACEHOLDER_EMAIL,Email
MODALS.LOGIN_PLACEHOLDER_PASSWORD,Password
MODALS.LOGIN_ESTEID_HEADING,Choose a log in method
MODALS.LOGIN_ESTEID_PLACEHOLDER_PHONE,Phone number incl. country code
MODALS.LOGIN_ESTEID_ERROR_PHONE,Invalid phone number. Please enter phone number with country code.
MODALS.LOGIN_ESTEID_PLACEHOLDER_PID,Personal identification code
MODALS.LOGIN_ESTEID_ERROR_PID,Invalid personal identification code.
MODALS.LOGIN_ESTEID_TXT_CONTROL_CODE,Control code: {{code}}
MODALS.LOGIN_ESTEID_TXT_CHECK_CONTROL_CODE,Make sure control code matches with one in the phone screen and enter Mobile-ID PIN2.
MODALS.LOGIN_ESTEID_BTN_LOG_IN_MID,Log in with mobiil-ID
MODALS.LOGIN_ESTEID_BTN_LOG_IN_ID,Log in with ID-card
MODALS.LOGIN_SMARTID_HEADING,@:MODALS.LOGIN_BTN_LOGIN_SMARTID
MODALS.LOGIN_SMARTID_PLACEHOLDER_COUNTRY_CODE,Two letter country code
MODALS.LOGIN_SMARTID_ERROR_COUNTRY_CODE,Invalid Country code
MODALS.LOGIN_SMARTID_PLACEHOLDER_PID,@:MODALS.LOGIN_ESTEID_PLACEHOLDER_PID
MODALS.LOGIN_SMARTID_ERROR_PID,@:MODALS.LOGIN_ESTEID_ERROR_PID
MODALS.LOGIN_SMARTID_TXT_CONTROL_CODE,@:MODALS.LOGIN_ESTEID_TXT_CONTROL_CODE
MODALS.LOGIN_SMARTID_TXT_CHECK_CONTROL_CODE,Make sure control code matches with one in the phone screen and enter Smart-ID PIN1.
MODALS.LOGIN_SMARTID_BTN_LOG_IN_SID,@:MODALS.LOGIN_BTN_LOGIN_SMARTID
MODALS.MY_ACCOUNT_HEADING,My account
MODALS.MY_ACCOUNT_PLACEHOLDER_NAME,Full name
MODALS.MY_ACCOUNT_PLACEHOLDER_COMPANY,Company
MODALS.MY_ACCOUNT_PLACEHOLDER_EMAIL,@:MODALS.LOGIN_PLACEHOLDER_EMAIL
MODALS.MY_ACCOUNT_PLACEHOLDER_PASSWORD,@:MODALS.LOGIN_PLACEHOLDER_PASSWORD
MODALS.MY_ACCOUNT_TAB_SETTINGS,@:MODALS.TOPIC_SETTINGS_TAB_SETTINGS
MODALS.MY_ACCOUNT_TAB_LINKING,LINKING
MODALS.MY_ACCOUNT_TXT_LINKING,Link this account with other existing CitizenOS account. Be aware this will merge existing data into one account
MODALS.MY_ACCOUNT_TITLE_FACEBOOK,Facebook
MODALS.MY_ACCOUNT_TITLE_GOOGLE,Google
MODALS.MY_ACCOUNT_TITLE_ID,ID-card/Mobile-ID
MODALS.MY_ACCOUNT_BTN_LINK,Link
MODALS.MY_ACCOUNT_BTN_UNLINK,Unlink
MODALS.MY_ACCOUNT_BTN_SAVE,Save changes
MODALS.MY_ACCOUNT_LNK_CANCEL,@:LNK_CANCEL
MODALS.PASSWORD_FORGOT_HEADING,Forgot your password?
MODALS.PASSWORD_FORGOT_PLACEHOLDER_EMAIL,@:MODALS.LOGIN_PLACEHOLDER_EMAIL
MODALS.PASSWORD_FORGOT_SEND_RESET,Send reset code
MODALS.PASSWORD_FORGOT_BTN_CANCEL,@:LNK_CANCEL
MODALS.PASSWORD_RESET_HEADING,Reset your account password
MODALS.PASSWORD_RESET_LBL_EMAIL,Account email:
MODALS.PASSWORD_RESET_PLACEHOLDER_PASSWORD,@:MODALS.LOGIN_PLACEHOLDER_PASSWORD
MODALS.PASSWORD_RESET_BTN_RESET_PASSWORD,Reset your password
MODALS.PASSWORD_RESET_LNK_CANCEL,@:LNK_CANCEL
MODALS.SIGN_UP_HEADING,Register
MODALS.SIGN_UP_PLACEHOLDER_NAME,@:MODALS.MY_ACCOUNT_PLACEHOLDER_NAME
MODALS.SIGN_UP_PLACEHOLDER_COMPANY,@:MODALS.MY_ACCOUNT_PLACEHOLDER_COMPANY
MODALS.SIGN_UP_PLACEHOLDER_EMAIL,@:MODALS.LOGIN_PLACEHOLDER_EMAIL
MODALS.SIGN_UP_PLACEHOLDER_PASSWORD,@:MODALS.LOGIN_PLACEHOLDER_PASSWORD
MODALS.SIGN_UP_BTN_SAVE,@:MODALS.SIGN_UP_HEADING
MODALS.SIGN_UP_LNK_CANCEL,@:LNK_CANCEL
MODALS.TOPIC_ATTACHMENTS_SAVE_ATTACHMENTS,Save attachments
MODALS.TOPIC_ATTACHMENTS_LBL_COMPUTER,Computer
MODALS.TOPIC_ATTACHMENTS_LBL_DROPBOX,Dropbox
MODALS.TOPIC_ATTACHMENTS_LBL_GOOGLE_DRIVE,Google drive
MODALS.TOPIC_ATTACHMENTS_LBL_ONEDRIVE,OneDrive
MODALS.TOPIC_ATTACHMENTS_TITLE_FILES,Attachments
MODALS.TOPIC_ATTACHMENT_DELETE_CONFIRM_HEADING,Delete attachment
MODALS.TOPIC_ATTACHMENT_DELETE_CONFIRM_TXT_ARE_YOU_SURE,Are you sure you want to delete this attachment?
MODALS.TOPIC_ATTACHMENT_DELETE_CONFIRM_TXT_NO_UNDO,@:MODALS.TOPIC_CLOSE_CONFIRM_TXT_NO_UNDO
MODALS.TOPIC_ATTACHMENT_DELETE_CONFIRM_TXT_ATTACHMENT_DELETED,The attachment will be deleted.
MODALS.TOPIC_ATTACHMENT_DELETE_CONFIRM_BTN_NO,"NO, KEEP THIS ATTACHMENT"
MODALS.TOPIC_ATTACHMENT_DELETE_CONFIRM_BTN_YES,"YES, DELETE THIS ATTACHMENT"
TXT_TOPIC_CATEGORY_ALL,every category
TXT_TOPIC_CATEGORY_BUSINESS,Business and industry
TXT_TOPIC_CATEGORY_TRANSPORT,Public transport and road safety
TXT_TOPIC_CATEGORY_TAXES,Taxes and budgeting
TXT_TOPIC_CATEGORY_AGRICULTURE,Agriculture
TXT_TOPIC_CATEGORY_ENVIRONMENT,"Environment, animal protection"
TXT_TOPIC_CATEGORY_CULTURE,"Culture, media and sports"
TXT_TOPIC_CATEGORY_HEALTH,Health care and social care
TXT_TOPIC_CATEGORY_WORK,Work and employment
TXT_TOPIC_CATEGORY_EDUCATION,Education
TXT_TOPIC_CATEGORY_POLITICS,Politics and public administration
TXT_TOPIC_CATEGORY_COMMUNITIES,Communities and urban development
TXT_TOPIC_CATEGORY_DEFENSE,Defense and security
TXT_TOPIC_CATEGORY_INTEGRATION,Integration and human rights
TXT_TOPIC_CATEGORY_VARIA,Varia
MODALS.TOPIC_SETTINGS_TAB_SETTINGS,SETTINGS
MODALS.TOPIC_SETTINGS_TAB_CATEGORIES,CATEGORIES
MODALS.TOPIC_SETTINGS_TAB_INVITE,INVITE
MODALS.TOPIC_SETTINGS_TAB_SHARE,SHARE
MODALS.TOPIC_SETTINGS_BTN_SAVE_TOPIC,Save topic
MODALS.TOPIC_SETTINGS_BTN_SAVE_TOPIC_AND_INVITE,Save topic and send invite
MODALS.TOPIC_SETTINGS_LBL_MAKE_PRIVATE,Make your topic private
MODALS.TOPIC_SETTINGS_LBL_MAKE_PRIVATE_EXT,ONLY PEOPLE YOU INVITE WILL BE ABLE TO JOIN THE TOPIC
MODALS.TOPIC_SETTINGS_LBL_HASHTAG,Hashtag
MODALS.TOPIC_SETTINGS_LBL_HASHTAG_EXT,USE THIS HASHTAG IN SOCIAL MEDIA AND THE MENTIONS WILL BE SHOWN BELOW YOUR TOPIC
MODALS.TOPIC_SETTINGS_PLACEHOLDER_HASHTAG,@:MODALS.TOPIC_SETTINGS_LBL_HASHTAG
MODALS.TOPIC_SETTINGS_LBL_LEAVE_TOPIC,Leave topic
MODALS.TOPIC_SETTINGS_LBL_LEAVE_TOPIC_EXT,LEAVING A TOPIC WILL RESULT IN GIVING UP ANY POWERS YOU MAY HAVE AS USER IN THAT TOPIC
MODALS.TOPIC_SETTINGS_BTN_LEAVE_TOPIC,@:MODALS.TOPIC_SETTINGS_LBL_LEAVE_TOPIC
MODALS.TOPIC_SETTINGS_LBL_DELETE_TOPIC,Delete topic
MODALS.TOPIC_SETTINGS_LBL_DELETE_TOPIC_EXT,DELETING A TOPIC CAN NOT BE UNDONE. BE SURE TO BE REALLY SURE ABOUT THIS.
MODALS.TOPIC_SETTINGS_BTN_DELETE_TOPIC,@:MODALS.TOPIC_SETTINGS_LBL_DELETE_TOPIC
MODALS.TOPIC_SETTINGS_TXT_ASSIGN_CATEGORIES,Assign up to 3 categories
MODALS.TOPIC_SETTINGS_TXT_INVITE_USERS_AND_GROUPS,Invite users and groups via name or e-mail address
MODALS.TOPIC_SETTINGS_PLACEHOLDER_INVITE_USERS_AND_GROUPS,Search by name or e-mail address
MODALS.TOPIC_SETTINGS_RESULT_GROUP_USERS,USERS
MODALS.TOPIC_SETTINGS_RESULT_GROUP_GROUPS,GROUPS
MODALS.TOPIC_SETTINGS_RESULT_GROUP_EMAILS,EMAILS
MODALS.TOPIC_SETTINGS_TH_USERS,Users
MODALS.TOPIC_SETTINGS_TXT_PRESS_ENTER_OR_CLICK_TO_ADD,Press enter or click to add
MODALS.TOPIC_SETTINGS_TH_GROUPS,Groups
MODALS.TOPIC_SETTINGS_TXT_PRESS_ENTER_TO_ADD,Press enter to add
MODALS.TOPIC_SETTINGS_TXT_SHARE_LINK,Share this link to people you want to join the topic:
MODALS.TOPIC_SETTINGS_LNK_CREATE_NEW_LINK,Create a new link
MODALS.TOPIC_SETTINGS_PLACEHOLDER_CREATE_NEW_LINK,Generate a link to share
MODALS.TOPIC_SETTINGS_BTN_COPY_LINK,Copy link
MODALS.TOPIC_SETTINGS_BTN_SAVE_SETTINGS,Save settings
MODALS.GROUP_CREATE_SETTINGS_HEADING_CREATE,Create a group
MODALS.GROUP_CREATE_SETTINGS_HEADING_EDIT,Edit group settings
MODALS.GROUP_CREATE_SETTINGS_TAB_SETTINGS,@:MODALS.TOPIC_SETTINGS_TAB_SETTINGS
MODALS.GROUP_CREATE_SETTINGS_TAB_ADD_TOPICS,ADD TOPICS
MODALS.GROUP_CREATE_SETTINGS_TAB_INVITE_USERS,INVITE USERS
MODALS.GROUP_CREATE_SETTINGS_BTN_SAVE_GROUP,Save group
MODALS.GROUP_CREATE_SETTINGS_BTN_SAVE_GROUP_AND_INVITE,Save group and send invite
MODALS.GROUP_CREATE_SETTINGS_LBL_GROUP_NAME,Group name
MODALS.GROUP_CREATE_SETTINGS_LBL_GROUP_NAME_EXP,USE A NAME THAT IS CLEAR AND UNDERSTANDABLE
MODALS.GROUP_CREATE_SETTINGS_PLACEHOLDER_GROUP_NAME,@:MODALS.GROUP_CREATE_SETTINGS_LBL_GROUP_NAME
MODALS.GROUP_CREATE_SETTINGS_LBL_LEAVE_GROUP,Leave group
MODALS.GROUP_CREATE_SETTINGS_LBL_LEAVE_GROUP_EXP,LEAVING A GROUP WILL RESULT IN GIVING UP ANY POWERS YOU MAY HAVE AS USER IN THAT GROUP
MODALS.GROUP_CREATE_SETTINGS_BTN_LEAVE_GROUP,@:MODALS.GROUP_CREATE_SETTINGS_LBL_LEAVE_GROUP
MODALS.GROUP_CREATE_SETTINGS_LBL_DELETE_GROUP,Delete group
MODALS.GROUP_CREATE_SETTINGS_LBL_DELETE_GROUP_EXP,DELETING A GROUP CAN NOT BE UNDONE. BE SURE TO BE REALLY SURE ABOUT THIS.
MODALS.GROUP_CREATE_SETTINGS_BTN_DELETE_GROUP,@:MODALS.GROUP_CREATE_SETTINGS_LBL_DELETE_GROUP
MODALS.GROUP_CREATE_SETTINGS_NEW_TOPIC_TITLE,@:VIEWS.MY_GROUPS_GROUPID.LNK_TITLE
MODALS.GROUP_CREATE_SETTINGS_LBL_NEW_TOPIC,Create a new topic
MODALS.GROUP_CREATE_SETTINGS_LBL_NEW_TOPIC_GROUP_RIGHTS,@:VIEWS.MY_GROUPS_GROUPID.LNK_RIGHTS
MODALS.GROUP_CREATE_SETTINGS_LBL_ADD_TOPICS,Add topics searching by title
MODALS.GROUP_CREATE_SETTINGS_ADD_CREATE_TOPIC,@:DEFAULT.NAV.LNK_CREATE_TOPICS
MODALS.GROUP_CREATE_SETTINGS_PLACEHOLDER_SEARCH_TOPIC,Search for a topic
MODALS.GROUP_CREATE_SETTINGS_TXT_PRESS_ENTER_TO_ADD,@:MODALS.TOPIC_SETTINGS_TXT_PRESS_ENTER_TO_ADD
MODALS.GROUP_CREATE_SETTINGS_TXT_PRESS_ENTER_OR_CLICK_TO_ADD,@:MODALS.TOPIC_SETTINGS_TXT_PRESS_ENTER_OR_CLICK_TO_ADD
MODALS.GROUP_CREATE_SETTINGS_TH_TITLE,Title A-Z
MODALS.GROUP_CREATE_SETTINGS_TH_USERS,@:MODALS.TOPIC_SETTINGS_TH_USERS
MODALS.GROUP_CREATE_SETTINGS_TXT_TOPIC_USERS,Topic users: <b>{{count}}</b>
MODALS.GROUP_CREATE_SETTINGS_LBL_GROUP_RIGHTS,Group right over topic:
MODALS.GROUP_CREATE_SETTINGS_LBL_INVITE_USERS,Invite users via their name or e-mail address
MODALS.GROUP_CREATE_SETTINGS_PLACEHOLDER_SEARCH_BY_NAME_EMAIL,Search by username or e-mail address
MODALS.TOPIC_VOTE_DELEGATE_HEADING,Delegate your vote for topic
MODALS.TOPIC_VOTE_DELEGATE_TAB,Delegate
MODALS.TOPIC_VOTE_DELEGATE_BTN_DELEGATE,Delegate vote
MODALS.TOPIC_VOTE_DELEGATE_LBL_SEARCH_MEMBERS,You can delegate your vote only to other members of this topic. Search topic members by their name.
MODALS.TOPIC_VOTE_DELEGATE_PLACEHOLDER_SEARCH_BY_NAME,Search members by name
MODALS.TOPIC_VOTE_DELEGATE_TXT_PRESS_ENTER_OR_CLICK_TO_ADD,@:MODALS.TOPIC_SETTINGS_TXT_PRESS_ENTER_OR_CLICK_TO_ADD
MODALS.TOPIC_VOTE_DELEGATE_TXT_PRESS_ENTER_TO_ADD,@:MODALS.TOPIC_SETTINGS_TXT_PRESS_ENTER_TO_ADD
MODALS.TOPIC_VOTE_DELEGATE_TH_USERS,@:MODALS.TOPIC_SETTINGS_TH_USERS
MODALS.TOPIC_VOTE_REVOKE_DELEGATION_CONFIRM_HEADING,Revoke delegation
MODALS.TOPIC_VOTE_REVOKE_DELEGATION_CONFIRM_TXT_ARE_YOU_SURE,Are you sure you want to revoke this delegation?
MODALS.TOPIC_VOTE_REVOKE_DELEGATION_CONFIRM_NO,@:BTN_NO
MODALS.TOPIC_VOTE_REVOKE_DELEGATION_CONFIRM_YES,@:BTN_YES
MODALS.TOPIC_VOTE_SIGN_HEADING,Choose a signing method
MODALS.TOPIC_VOTE_SIGN_TXT_VOTING_FOR,YOU’RE VOTING: {{optionSelected.value}}
MODALS.TOPIC_VOTE_SIGN_PLACEHOLDER_PHONE,@:MODALS.LOGIN_ESTEID_PLACEHOLDER_PHONE
MODALS.TOPIC_VOTE_SIGN_ERROR_PHONE,@:MODALS.LOGIN_ESTEID_ERROR_PHONE
MODALS.TOPIC_VOTE_SIGN_PLACEHOLDER_PID,@:MODALS.LOGIN_ESTEID_PLACEHOLDER_PID
MODALS.TOPIC_VOTE_SIGN_ERROR_PID,@:MODALS.LOGIN_ESTEID_ERROR_PID
MODALS.TOPIC_VOTE_SIGN_TXT_CONTROL_CODE,@:MODALS.LOGIN_ESTEID_TXT_CONTROL_CODE
MODALS.TOPIC_VOTE_SIGN_TXT_CHECK_CONTROL_CODE,@:MODALS.LOGIN_ESTEID_TXT_CHECK_CONTROL_CODE
MODALS.TOPIC_VOTE_SIGN_BTN_SIGN_MID,Sign with mobile-ID
MODALS.TOPIC_VOTE_SIGN_BTN_SIGN_CARD,Sign with ID-card
LAYOUTS.MAIN.PLACEHOLDER_SEARCH_TOPICS_USERS_GROUPS,"Search topics, users, groups…"
DEFAULT.NAV.LNK_LOG_IN_REGISTER,@:MODALS.LOGIN_HEADING
DEFAULT.NAV.LNK_MY_ACCOUNT,@:MODALS.MY_ACCOUNT_HEADING
DEFAULT.NAV.HEADING_TOPICS,Topics
DEFAULT.NAV.LNK_CREATE_TOPICS,Create topic
DEFAULT.NAV.LNK_MY_TOPICS,My topics
DEFAULT.NAV.LNK_PUBLIC_TOPICS,Public topics
DEFAULT.NAV.HEADING_GROUPS,@:MODALS.TOPIC_SETTINGS_TH_GROUPS
DEFAULT.NAV.LNK_CREATE_GROUPS,Create groups
DEFAULT.NAV.LNK_MY_GROUPS,My groups
DEFAULT.NAV.LNK_ABOUT,About
DEFAULT.NAV.LNK_FAQ,FAQ
DEFAULT.NAV.LNK_HELP,Help
DEFAULT.NAV.LNK_LOG_OUT,Log out
DEFAULT.NAV_MOBILE.BTN_SEARCH,Search
DEFAULT.NAV_MOBILE.BTN_OVERVIEW,Overview
DEFAULT.NAV_MOBILE.BTN_EDIT,Edit
DEFAULT.NAV_MOBILE.BTN_SETTINGS,Settings
DEFAULT.NAV_MOBILE.BTN_MENU,Menu
DEFAULT.NAV_MOBILE.PLACEHOLDER_SEARCH,@:DEFAULT.NAV_MOBILE.BTN_SEARCH
DEFAULT.SEARCH.HEADING_RESULTS_IN,Context search results in
LBL_CONTEXT_MY_TOPICS,my topics
LBL_CONTEXT_MY_GROUPS,my groups
LBL_CONTEXT_MY_USERS,my users
LBL_CONTEXT_PUBLIC_TOPICS,public topics
LBL_CONTEXT_PUBLIC_GROUPS,public groups
LBL_CONTEXT_PUBLIC_USERS,public users
DEFAULT.SEARCH.LNK_VIEW_MORE_RESULTS,View more results
DEFAULT.SEARCH.TXT_OOPS_NO_RESULTS,"Oops, we couldn’t find any results matching your search :("
DEFAULT.SEARCH.TXT_MAYBE_TYPO,"Maybe you have a typo in your search?<br>We did find some things scattered throughout the CitizenOS platform, so feel free to check them out."
DIRECTIVES.COS_MODAL.BTN_SAVE,Save
DIRECTIVES.COS_MODAL.BTN_CANCEL,@:LNK_CANCEL
DIRECTIVES.COS_MODAL_DATEPICKER.LBL_DEADLINE,@:VIEWS.TOPICS_TOPICID.VOTE_LBL_DEADLINE
DIRECTIVES.COS_MODAL_DATEPICKER.BTN_SAVE,@:DIRECTIVES.COS_MODAL.BTN_SAVE
DIRECTIVES.COS_MODAL_DATEPICKER.BTN_CANCEL,@:LNK_CANCEL
VIEWS.401.HEADING_INSUFFICIENT_PERMISSIONS,"Sorry, you haven't got sufficient permissions to access the resource :("
VIEWS.401.HEADING_YOU_MAY_RECOVER,"Still, you may recover from the unfortunate event by"
VIEWS.401.BTN_LOGIN,Logging in
VIEWS.401.BTN_REQUEST_ACCESS,Requesting access to the resource
VIEWS.HOME.HEADINGS_SHOW_ME_TOPICS_ABOUT,Show me topics about
VIEWS.HOME.LNK_SHOW,Show
VIEWS.HOME.LNK_CLEAR_FILTERS,Clear filters
VIEWS.HOME.LBL_FILTER_THE_TOPICS,Filter the topics
VIEWS.HOME.LNK_EDIT_FILTER,Edit filter
VIEWS.HOME.LBL_CATEGORY,Category:
VIEWS.HOME.LBL_STATUS,Status:
VIEWS.HOME.BTN_CATEGORY,CATEGORY
VIEWS.HOME.BTN_STATUS,STATUS
VIEWS.HOME.BTN_SUBMIT_FILTER,Submit filter
VIEWS.HOME.HEADING_NO_RESUTS,"We’re sorry, but we couldn’t find any results :("
VIEWS.HOME.HEADING_GET_STARTED,Maybe you can get the first discussion initiated by
VIEWS.HOME.BTN_CREATING_A_NEW_TOPIC,Creating a new topic
VIEWS.HOME.HEADING_BEGINNERS_GUIDE,A beginner’s guide to CitizenOS.
VIEWS.HOME.TXT_BEGINNERS_GUIDE,"Hi there, welcome to CitizenOS! Read this topic to find out how everything works."
VIEWS.HOME.LBL_TUTORIAL_AND_EXPLANATION,Tutorial and explanation
VIEWS.HOME.BTN_LOAD_MORE_TOPICS,Load more topics
VIEWS.MY.LBL_GROUPS_COUNT,{{count}} groups
VIEWS.MY.HEADING_NOT_IN_GROUP,You are not yet part of a group.
VIEWS.MY.HEADING_AT_LEAST_WE_HELP,At least you still have us to help you by
VIEWS.MY.TXT_CREATING_A NEW_GROUP,Creating a new group
VIEWS.MY.HEADING_NOT_PARTICIPATED,"You have not participated in a topic yet. Try it, it’s really cool!"
VIEWS.MY.HEADING_GET_INVOLVED,You can get involved by
VIEWS.MY.MY_CREATING_A_NEW_TOPIC,Creating a new topic
VIEWS.MY_GROUPS_GROUPID.HEADING_GENERAL_INFORMATION,General information
VIEWS.MY_GROUPS_GROUPID.LBL_TOPICS,@:DEFAULT.NAV.HEADING_TOPICS
VIEWS.MY_GROUPS_GROUPID.LNK_VIEW,view
VIEWS.MY_GROUPS_GROUPID.LNK_ADD,add
VIEWS.MY_GROUPS_GROUPID.LBL_USERS,Users
VIEWS.MY_GROUPS_GROUPID.LNK_INVITE,invite
VIEWS.MY_GROUPS_GROUPID.LBL_YOUR_RIGHTS,Your rights
VIEWS.MY_GROUPS_GROUPID.LBL_LATEST,Latest
VIEWS.MY_GROUPS_GROUPID.LBL_GROUP_ACTIONS,Group actions
VIEWS.MY_GROUPS_GROUPID.LNK_SETTINGS,settings
VIEWS.MY_GROUPS_GROUPID.LNK_LEAVE,leave
VIEWS.MY_GROUPS_GROUPID.LNK_DELETE,delete
VIEWS.MY_GROUPS_GROUPID.HEADING_TOPIC_LIST,Topic list ({{count}})
VIEWS.MY_GROUPS_GROUPID.LNK_FILTER,filter
VIEWS.MY_GROUPS_GROUPID.PLACEHOLDER_TOPIC_TITLE_PERMISSION,"Topic title, permission"
VIEWS.MY_GROUPS_GROUPID.PLACEHOLDER_NAME_PERMISSION,"Name, permission"
VIEWS.MY_GROUPS_GROUPID.LNK_CLEAR_FILTER,clear filter
VIEWS.MY_GROUPS_GROUPID.LBL_ORDER_BY,Order by:
VIEWS.MY_GROUPS_GROUPID.LNK_TITLE,Title
VIEWS.MY_GROUPS_GROUPID.LNK_RIGHTS,Rights
VIEWS.MY_GROUPS_GROUPID.LNK_USERS,Users
VIEWS.MY_GROUPS_GROUPID.LBL_REMOVE_FROM_GROUP,Remove from group
VIEWS.MY_GROUPS_GROUPID.LBL_USERS_COUNT,Users: {{count}}
VIEWS.MY_GROUPS_GROUPID.HEADING_USERS_LIST,User list ({{count}})
VIEWS.MY_GROUPS_GROUPID.LNK_PROFILE,Profile
VIEWS.MY_TOPICS_TOPICID.HEADING_GENERAL_INFORMATION,General information
VIEWS.MY_TOPICS_TOPICID.LBL_AUTHOR,Author
VIEWS.MY_TOPICS_TOPICID.LBL_DATE_CREATED,Date created
VIEWS.MY_TOPICS_TOPICID.LBL_YOUR_RIGHTS,Your rights
VIEWS.MY_TOPICS_TOPICID.LBL_USERS,Users
VIEWS.MY_TOPICS_TOPICID.LNK_VIEW,view
VIEWS.MY_TOPICS_TOPICID.LBL_GROUPS,@:MODALS.TOPIC_SETTINGS_TH_GROUPS
VIEWS.MY_TOPICS_TOPICID.LBL_STATUS,Status
VIEWS.MY_TOPICS_TOPICID.LBL_TOPIC_ACTIONS,Topic actions
VIEWS.MY_TOPICS_TOPICID.LNK_SETTINGS,settings
VIEWS.MY_TOPICS_TOPICID.LNK_EDIT,edit
VIEWS.MY_TOPICS_TOPICID.LNK_LEAVE,@:VIEWS.MY_GROUPS_GROUPID.LNK_LEAVE
VIEWS.MY_TOPICS_TOPICID.LNK_DELETE,@:VIEWS.MY_GROUPS_GROUPID.LNK_DELETE
VIEWS.MY_TOPICS_TOPICID.HEADING_CURRENT_VOTE_RESULTS,Current vote results
VIEWS.MY_TOPICS_TOPICID.LBL_RESULTS,Results
VIEWS.MY_TOPICS_TOPICID.LBL_VOTES_COUNTED,Votes counted
VIEWS.MY_TOPICS_TOPICID.LBL_VOTE_DEADLINE,Vote deadline
VIEWS.MY_TOPICS_TOPICID.VOTE_CAST_YOUR_VOTE,@:VIEWS.TOPICS_TOPICID.VOTE_CAST_YOUR_VOTE
VIEWS.MY_TOPICS_TOPICID.VOTE_HEADING_DELEGATE,@:VIEWS.TOPICS_TOPICID.VOTE_HEADING_DELEGATE
VIEWS.MY_TOPICS_TOPICID.VOTE_DELEGATED_TO,@:VIEWS.TOPICS_TOPICID.VOTE_DELEGATED_TO
VIEWS.MY_TOPICS_TOPICID.VOTE_REVOKE_DELEGATION,@:VIEWS.TOPICS_TOPICID.VOTE_REVOKE_DELEGATION
VIEWS.MY_TOPICS_TOPICID.HEADING_GROUP_LIST,Group list
VIEWS.MY_TOPICS_TOPICID.LNK_FILTER,@:VIEWS.MY_GROUPS_GROUPID.LNK_FILTER
VIEWS.MY_TOPICS_TOPICID.PLACEHOLDER_TOPIC_TITLE_PERMISSION,"Group name, permission"
VIEWS.MY_TOPICS_TOPICID.PLACEHOLDER_NAME_PERMISSION,@:VIEWS.MY_GROUPS_GROUPID.PLACEHOLDER_NAME_PERMISSION
VIEWS.MY_TOPICS_TOPICID.LNK_ADD,@:VIEWS.MY_GROUPS_GROUPID.LNK_ADD
VIEWS.MY_TOPICS_TOPICID.LNK_CLEAR_FILTER,@:VIEWS.MY_GROUPS_GROUPID.LNK_CLEAR_FILTER
VIEWS.MY_TOPICS_TOPICID.LBL_ORDER_BY,@:VIEWS.MY_GROUPS_GROUPID.LBL_ORDER_BY
VIEWS.MY_TOPICS_TOPICID.LNK_NAME,Name
VIEWS.MY_TOPICS_TOPICID.LNK_RIGHTS,@:VIEWS.MY_GROUPS_GROUPID.LNK_RIGHTS
VIEWS.MY_TOPICS_TOPICID.LNK_USERS,@:VIEWS.MY_TOPICS_TOPICID.LBL_USERS
VIEWS.MY_TOPICS_TOPICID.LBL_REMOVE_FROM_TOPIC,Remove from topic
VIEWS.MY_TOPICS_TOPICID.LBL_INACCESSIBLE_GROUP,&lt;Inaccessible Group&gt; ({{level}})
VIEWS.MY_TOPICS_TOPICID.LBL_USERS_COUNT,@:VIEWS.MY_GROUPS_GROUPID.LBL_USERS_COUNT
VIEWS.MY_TOPICS_TOPICID.HEADING_USERS_LIST,User list
VIEWS.MY_TOPICS_TOPICID.LNK_INVITE,@:VIEWS.MY_GROUPS_GROUPID.LNK_INVITE
VIEWS.MY_TOPICS_TOPICID.LNK_PROFILE,Profile
VIEWS.MY_TOPICS_TOPICID.LBL_VIA,via
VIEWS.PARTNERS_CONSENT.HEADING,Rahvaalgatus.ee would like to access following data from Your account:
VIEWS.PARTNERS_CONSENT.TXT_VIEW_PROFILE,"View and edit Your CitizenOS profile - name, company, email, picture."
VIEWS.PARTNERS_CONSENT.TXT_VIEW_TOPICS,View and edit Your CitizenOS public Topics and Topics created via the Rahvaalgatus.ee website.
VIEWS.PARTNERS_CONSENT.TXT_VIEW_VOTES,View and edit Your CitizenOS Votes in public Topics and Topics created via the Rahvaalgatus.ee website.
VIEWS.PARTNERS_CONSENT.TXT_VIEW_GROUPS,View and edit Your CitizenOS Groups.
VIEWS.PARTNERS_CONSENT.TXT_POLICY,"Rahvaalgatus.ee will use this information in accordance with their respective <a href=""https://rahvaalgatus.ee/about"" target=""_blank"">terms of service and privacy policies</a>."
VIEWS.PARTNERS_CONSENT._AGREE,Accept
VIEWS.PARTNERS_CONSENT.DISAGREE,Cancel
VIEWS.PARTNERS_LOGIN.HEADING,"<strong>Rahvaalgatus.ee works together with CitizenOS</strong> to offer you a great experience. If you want to use the platform to its fullest, <strong>please login to CitizenOS or register.</strong>"
VIEWS.PARTNERS_LOGIN.BTN_LOGIN_FACEBOOK,@:MODALS.LOGIN_BTN_LOGIN_FACEBOOK
VIEWS.PARTNERS_LOGIN.BTN_LOGIN_GOOGLE,@:MODALS.LOGIN_BTN_LOGIN_GOOGLE
VIEWS.PARTNERS_LOGIN.ID,@:MODALS.LOGIN_BTN_LOGIN_ESTEID
VIEWS.PARTNERS_LOGIN.PLACEHOLDER_EMAIL,@:MODALS.LOGIN_PLACEHOLDER_EMAIL
VIEWS.PARTNERS_LOGIN.PLACEHOLDER_PASSWORD,@:MODALS.LOGIN_PLACEHOLDER_PASSWORD
VIEWS.PARTNERS_LOGIN.LOGIN_REGISTER,Log in/register to CitizenOS
VIEWS.PARTNERS_LOGIN.FORGOT_PASSWORD,Forgot password?
VIEWS.TOPICS_TOPICID.BAR_MILESTONES,{{count}} MILESTONES
VIEWS.TOPICS_TOPICID.BAR_TOOLTIP_PHASE,Status:
VIEWS.TOPICS_TOPICID.BAR_TOOLTIP_IN_PROGRESS,in progress
VIEWS.TOPICS_TOPICID.BAR_TOOLTIP_VOTING,in voting
VIEWS.TOPICS_TOPICID.BAR_SIGNING_DEADLINE,Signing deadline:
VIEWS.TOPICS_TOPICID.BAR_CURRENT_PHASE,Current status:
VIEWS.TOPICS_TOPICID.TAB_VIEW,View
VIEWS.TOPICS_TOPICID.TAB_VOTE,Vote
VIEWS.TOPICS_TOPICID.TAB_FOLLOW_UP,Follow Up
VIEWS.TOPICS_TOPICID.TAB_INFO_TXT_EDIT,You are now in edit mode. You can add text or make changes to it. All changes are automatically saved.
VIEWS.TOPICS_TOPICID.TAB_INFO_TXT_VOTE,"This topic is being voted on, editing is no longer possible!"
VIEWS.TOPICS_TOPICID.TOPIC_SUMMARY_HEADER,Topic summary
VIEWS.TOPICS_TOPICID.TOPIC_SUMMARY_TITLE,@:VIEWS.MY_GROUPS_GROUPID.LNK_TITLE
VIEWS.TOPICS_TOPICID.TOPIC_SUMMARY_FINALIZED_ON,Document finalised on
VIEWS.TOPICS_TOPICID.TOPIC_SUMMARY_VIEW_FINAL_DOCUMENT,view final document
VIEWS.TOPICS_TOPICID.TOPIC_SUMMARY_VIEW_VOTING_ENDED_ON,Voting ended on
VIEWS.TOPICS_TOPICID.TOPIC_SUMMARY_VIEW_VOTE_RESULTS,view vote results
VIEWS.TOPICS_TOPICID.ADD_MILESTONES_CREATE_A_MILESTONE,Create a milestone
VIEWS.TOPICS_TOPICID.ADD_MILESTONES_PLACEHOLDER_SUBJECT,How is the decision being put into practice?
VIEWS.TOPICS_TOPICID.ADD_MILESTONES_PLACEHOLDER_TEXT,"Please provide details, links etc."
VIEWS.TOPICS_TOPICID.ADD_MILESTONES_ADD_MILESTONE,POST AN UPDATE
VIEWS.TOPICS_TOPICID.ADD_MILESTONES_MILESTONE,{{number}} milestone
VIEWS.TOPICS_TOPICID.ADD_MILESTONE_DELETE,@:VIEWS.MY_GROUPS_GROUPID.LNK_DELETE
MODALS.TOPIC_EVENT_CONFIRM_HEADING,Remove event
MODALS.TOPIC_EVENT_DELETE_CONFIRM_TXT_ARE_YOU_SURE,Are you sure you want to remove this event?
MODALS.TOPIC_EVENT_DELETE_CONFIRM_BTN_NO,@:BTN_NO
MODALS.TOPIC_EVENT_DELETE_CONFIRM_BTN_YES,@:MODALS.GROUP_MEMBER_TOPIC_DELETE_CONFIRM_BTN_YES
VIEWS.TOPICS_TOPICID.VOTE_CAST_YOUR_VOTE,Cast your vote
VIEWS.TOPICS_TOPICID.VOTE_VOTES_COUNTED,votes counted
VIEWS.TOPICS_TOPICID.VOTE_HEADING_REQUIRE_HARD_ID,This vote requires an ID card or Mobile ID signing.
VIEWS.TOPICS_TOPICID.VOTE_TXT_REQUIRE_HARD_ID,This document needs to be signed with ID card or Mobile ID to be registered. You can not vote if you don’t identify yourself.
VIEWS.TOPICS_TOPICID.HEADING_VOTE_REGISTERED,Your vote has been registered!
VIEWS.TOPICS_TOPICID.BTN_DOWNLOAD_USER_BDOC,Download your signed vote (BDOC file)
VIEWS.TOPICS_TOPICID.VOTE_TXT_VOTE_REGISTERED,Thank you for your vote. You can still change your mind and your vote by choosing another option.
VIEWS.TOPICS_TOPICID.VOTE_HEADING_DELEGATE,Delegate your vote
VIEWS.TOPICS_TOPICID.VOTE_DELEGATED_TO,You delegated your vote to:
VIEWS.TOPICS_TOPICID.VOTE_REVOKE_DELEGATION,Revoke your delegation
VIEWS.TOPICS_TOPICID.VOTE_HEADING_VOTE_CLOSED,Voting is closed!
VIEWS.TOPICS_TOPICID.VOTE_TXT_VOTE_CLOSED,Everyone has cast their votes. You can download the full document here.
VIEWS.TOPICS_TOPICID.BTN_DOWNLOAD_FINAL_BDOC,Download signed file (BDOC)
VIEWS.TOPICS_TOPICID.BTN_DOWNLOAD_FINAL_ZIP,Download signed file (ZIP)
VIEWS.TOPICS_TOPICID.VOTE_HEADING_CREATE,Create a voting platform
VIEWS.TOPICS_TOPICID.VOTE_HEADING_STEP1,Step 1: Choose voting-type
VIEWS.TOPICS_TOPICID.VOTE_BTN_TYPE_REGULAR,REGULAR
VIEWS.TOPICS_TOPICID.VOTE_BTN_TYPE_REGULAR_EXPLANATION,(ie. yes/no/neutral/...)
VIEWS.TOPICS_TOPICID.VOTE_BTN_TYPE_MULTIPLECHOICE,CUSTOM VOTE
VIEWS.TOPICS_TOPICID.VOTE_BTN_TYPE_MULTIPLECHOICE_EXPLANATION,(ie. A/B/C/D/...)
VIEWS.TOPICS_TOPICID.VOTE_HEADING_STEP2,Step 2: Define answers
VIEWS.TOPICS_TOPICID.VOTE_LBL_OPTION_YES,Yes
VIEWS.TOPICS_TOPICID.VOTE_LBL_OPTION_NO,No
VIEWS.TOPICS_TOPICID.VOTE_LBL_OPTION_NEUTRAL,Neutral
VIEWS.TOPICS_TOPICID.VOTE_LBL_OPTION_VETO,Veto
VIEWS.TOPICS_TOPICID.PLACEHOLDER_ENTER_A_POSSIBLE_ANSWER,Enter a possible answer
VIEWS.TOPICS_TOPICID.VOTE_BTB_ADD_OPTION,Add another answer
VIEWS.TOPICS_TOPICID.VOTE_LBL_NEUTRAL,Neutral
VIEWS.TOPICS_TOPICID.VOTE_LBL_VETO,Veto
VIEWS.TOPICS_TOPICID.VOTE_HEADING_STEP3,Step 3: Set up voting rights
VIEWS.TOPICS_TOPICID.VOTE_LBL_AUTH_SOFT_ID,Soft-ID
VIEWS.TOPICS_TOPICID.VOTE_LBL_AUTH_SOFT_ID_EXPLANATION,CITIZENOS LOGIN IS REQUIRED
VIEWS.TOPICS_TOPICID.VOTE_LBL_AUTH_HARD_ID,Hard-ID
VIEWS.TOPICS_TOPICID.VOTE_LBL_AUTH_HARD_ID_EXPLANATION,ID CARD OR MOBILE SIGNING IS REQUIRED
VIEWS.TOPICS_TOPICID.VOTE_LBL_DELEGATION,Delegation
VIEWS.TOPICS_TOPICID.VOTE_LBL_DELEGATION_EXPLANATION,ALLOW USERS TO PASS ON THEIR VOTING RIGHT.
VIEWS.TOPICS_TOPICID.VOTE_LBL_NOTICE_DELEGATION_DISABLED_FOR_HARD_ID,"When Hard-ID is the chosen method of voting, delegation is not allowed."
VIEWS.TOPICS_TOPICID.VOTE_HEADING_STEP4,Step 4: End of voting system
VIEWS.TOPICS_TOPICID.VOTE_LBL_DEADLINE,Deadline
VIEWS.TOPICS_TOPICID.VOTE_TXT_DEADLINE_CALENDAR_DAYS_LEFT,{{numberOfDaysLeft}} days left
VIEWS.TOPICS_TOPICID.VOTE_BTN_CREATE_VOTE,START VOTING
VIEWS.TOPICS_TOPICID.LBL_CATEGORIES,Categories:
VIEWS.TOPICS_TOPICID.LBL_NO_CATEGORIES,none
VIEWS.TOPICS_TOPICID.LNK_ADD_CATEGORIES,add categories
VIEWS.TOPICS_TOPICID.LBL_AUTHORS,Authors: {{topic.creator.name}}
VIEWS.TOPICS_TOPICID.LBL_ACTIVITY,Discussion:
VIEWS.TOPICS_TOPICID.LNK_ARGUMENTS_COUNT,{{count}} arguments
VIEWS.TOPICS_TOPICID.LNK_MENTIONS_COUNT,{{mentionsCount}} social mentions
VIEWS.TOPICS_TOPICID.LNK_MENTIONS_COUNT_ADD_HASHTAG,add hashtag
VIEWS.TOPICS_TOPICID.LBL_TAB_ARGUMENTS,Arguments
VIEWS.TOPICS_TOPICID.LBL_TAB_MENTIONS,Social mentions
VIEWS.TOPICS_TOPICID.TAB_ARGUMENTS_HEADING,@:VIEWS.TOPICS_TOPICID.LNK_ARGUMENTS_COUNT
VIEWS.TOPICS_TOPICID.LBL_ARGUMENTS_COUNT_PRO,pro: {{countPro}}
VIEWS.TOPICS_TOPICID.LBL_ARGUMENTS_COUNT_CON,con: {{countCon}}
VIEWS.TOPICS_TOPICID.BTN_ADD_ARGUMENT,add argument
VIEWS.TOPICS_TOPICID.ARGUMENT_LNK_VIEW_PREVIOUS_VERSIONS,view previous versions
VIEWS.TOPICS_TOPICID.ARGUMENT_LNK_EDIT,@:VIEWS.MY_TOPICS_TOPICID.LNK_EDIT
VIEWS.TOPICS_TOPICID.ARGUMENT_LNK_DELETE,@:VIEWS.MY_GROUPS_GROUPID.LNK_DELETE
VIEWS.TOPICS_TOPICID.PLACEHOLDER_EDIT_ARGUMENT_SUBJECT,Edit your argument subject...
VIEWS.TOPICS_TOPICID.PLACEHOLDER_EDIT_ARGUMENT_TEXT,Edit your reply here...
VIEWS.TOPICS_TOPICID.ARGUMENT_EDIT_BTN_POST_AS_PRO,@:VIEWS.TOPICS_TOPICID.BTN_COMMENT_POST_AS_PRO
VIEWS.TOPICS_TOPICID.ARGUMENT_EDIT_BTN_POST_AS_CON,@:VIEWS.TOPICS_TOPICID.BTN_COMMENT_POST_AS_CON
VIEWS.TOPICS_TOPICID.ARGUMENT_EDIT_BTN_CANCEL_EDIT,@:LNK_CANCEL
VIEWS.TOPICS_TOPICID.ARGUMENT_HAS_BEEN_DELETED_BY,This argument has been deleted by {{userFullName}}
VIEWS.TOPICS_TOPICID.ARGUMENT_WHY,Why?
VIEWS.TOPICS_TOPICID.ARGUMENT_VIEW_COMMENT_ANYWAY,View argument anyway
VIEWS.TOPICS_TOPICID.ARGUMENT_FOUND_INAPPRIOPRIATE_BY,This argument was found inappriopriate by <b>{{userFullName}}</b>
VIEWS.TOPICS_TOPICID.ARGUMENT_READ_CODE_OF_CONDUCT,"Read our <a class=""underlined_link"" href="""">code of conduct</a> for more information"
VIEWS.TOPICS_TOPICID.ARGUMENT_LAST_EDITED,Last edited {{edittime}}
VIEWS.TOPICS_TOPICID.PLACEHOLDER_EDIT_REPLY,Edit your reply here...
VIEWS.TOPICS_TOPICID.ARGUMENT_BTN_SAVE_EDIT_REPLY,@:DIRECTIVES.COS_MODAL.BTN_SAVE
VIEWS.TOPICS_TOPICID.ARGUMENT_BTN_CANCEL_EDIT_REPLY,@:LNK_CANCEL
VIEWS.TOPICS_TOPICID.ARGUMENT_VIEW_REPLY_ANYWAY,View reply anyway
VIEWS.TOPICS_TOPICID.ARGUMENT_REPLY_FOUND_INAPPRIOPRIATE_BY,This reply was found inappriopriate by <b>{{userFullName}}</b>
VIEWS.TOPICS_TOPICID.LNK_COMMENT_CLOSE,Close comment
VIEWS.TOPICS_TOPICID.LNK_COMMENT_READ_MORE,Read more
VIEWS.TOPICS_TOPICID.LNK_COMMENT_REPLY,Reply
VIEWS.TOPICS_TOPICID.PLACEHOLDER_WRITE_REPLY_HERE,Write your reply here...
VIEWS.TOPICS_TOPICID.PLACEHOLDER_ADD_SUBJECT_TO_ARGUMENT,Make your main statement here ...
VIEWS.TOPICS_TOPICID.PLACEHOLDER_EXPLAIN_YOUR_ARGUMENT,Explain and prove your statement here...
VIEWS.TOPICS_TOPICID.BTN_COMMENT_POST_REPLY,Post reply
VIEWS.TOPICS_TOPICID.LNK_COMMENT_REPLY_CLOSE,@:VIEWS.TOPICS_TOPICID.LNK_COMMENT_CLOSE
VIEWS.TOPICS_TOPICID.LNK_COMMENT_REPLY_READ_MORE,@:VIEWS.TOPICS_TOPICID.LNK_COMMENT_READ_MORE
VIEWS.TOPICS_TOPICID.LNK_COMMENT_REPLY_REPLY,Reply
VIEWS.TOPICS_TOPICID.BTN_COMMENT_REPLY_POST_REPLY,@:VIEWS.TOPICS_TOPICID.BTN_COMMENT_POST_REPLY
VIEWS.TOPICS_TOPICID.BTN_COMMENT_POST_AS_PRO,Post as pro argument
VIEWS.TOPICS_TOPICID.BTN_COMMENT_POST_AS_CON,Post as con argument
VIEWS.TOPICS_TOPICID.TXT_COMMENT_ORDER_BY_DATE,date
VIEWS.TOPICS_TOPICID.TXT_COMMENT_ORDER_BY_POPULARITY,popularity
VIEWS.TOPICS_TOPICID.TXT_COMMENT_ORDER_BY_RATING,rating
VIEWS.TOPICS_TOPICID.LOG_IN_TO_COMMENT,"You need to <a class=""underlined_link"" ng-click=""app.doShowLogin()"">log in</a> to participate."
VIEWS.TOPICS_TOPICID.TAB_SOCIAL_MENTIONS_HEADING,@:VIEWS.TOPICS_TOPICID.LBL_TAB_MENTIONS
VIEWS.TOPICS_TOPICID.TAB_SOCIAL_METIONS_TXT_NO_HASHTAG_DEFINED,"Sorry, we cannot show you the social mentions as there is no hashtag defined for this Topic. Users with editor permissions can add the hashtag to fetch social mentions."
VIEWS.TOPICS_TOPICID.TAB_SOCIAL_MENTIONS_BTN_ADD_HASHTAG,@:VIEWS.TOPICS_TOPICID.LNK_MENTIONS_COUNT_ADD_HASHTAG
VIEWS.TOPICS_TOPICID.TAB_SOCIAL_MENTIONS_NO_MENTIONS_FOUND,"Sorry, no social mentions found on Twitter for the hashtag"
VIEWS.TOPICS_TOPICID.TAB_SOCIAL_MENTIONS_BTN_CHANGE_HASHTAG,Change hashtag
VIEWS.TOPICS_TOPICID.TAB_SOCIAL_MENTIONS_POSTED_VIA,Posted via
VIEWS.TOPICS_TOPICID.NAV_HEADING,OPTIONS
VIEWS.TOPICS_TOPICID.NAV_LNK_SEND_TO_VOTE,Send to vote
VIEWS.TOPICS_TOPICID.NAV_LNK_SEND_TO_FOLLOW_UP,Send to follow-up
VIEWS.TOPICS_TOPICID.NAV_LNK_CLOSE_TOPIC,Close topic
VIEWS.TOPICS_TOPICID.NAV_LNK_SETTINGS,Settings
VIEWS.TOPICS_TOPICID.NAV_LNK_CATEGORIES,Categories
VIEWS.TOPICS_TOPICID.NAV_LNK_INVITE_USERS,Invite users
VIEWS.TOPICS_TOPICID.NAV_LNK_SHARE,Share topic
VIEWS.TOPICS_TOPICID.NAV_LNK_EDIT_TOPIC,Edit topic
VIEWS.TOPICS_TOPICID.NAV_LNK_LEAVE_TOPIC,Leave topic
VIEWS.TOPICS_TOPICID.HEADER_FILES,ATTACHMENTS
VIEWS.TOPICS_TOPICID.LNK_ADD_MANAGE_FILES,Add/manage attachments
MSG_ERROR_POST_API_AUTH_SIGNUP_40000_EMAIL,Invalid email.
MSG_ERROR_POST_API_AUTH_SIGNUP_40001_EMAIL,The email address is already in use.
MSG_ERROR_POST_API_AUTH_SIGNUP_40000_NAME,Name can be 1 to 255 characters long.
MSG_ERROR_POST_API_AUTH_LOGIN_40002_EMAIL,Account with this email does not exist.
MSG_ERROR_POST_API_AUTH_SIGNUP_40000_PASSWORD,"Password must be at least 6 character long, containing at least 1 digit, 1 lower and upper case character."
MSG_ERROR_POST_API_AUTH_LOGIN_40003_PASSWORD,Wrong password.
MSG_ERROR_POST_API_AUTH_LOGIN_40002,The account verification has not been completed. Please check your e-mail.
MSG_ERROR_POST_API_AUTH_PASSWORD_RESET_40000,"Invalid email, password or password reset code."
MSG_INFO_CHECK_EMAIL_TO_VERIFY_YOUR_ACCOUNT,Check your email to verify your account.
MSG_ERROR_POST_API_AUTH_PASSWORD_RESET_SEND_40002_EMAIL,Account with this email does not exist.
MSG_INFO_PASSWORD_RECOVERY_EMAIL_SENT,Success! Please check your email to complete your password recovery.
MSG_INFO_PASSWORD_RESET_SUCCESS,Success! Your password has been reset. Log in with your fresh password.
MSG_ERROR_PUT_API_USERS_SELF_40000_PASSWORD,@:MSG_ERROR_POST_API_AUTH_SIGNUP_40000_PASSWORD
MSG_ERROR_PUT_API_USERS_SELF_40000_EMAIL,@:MSG_ERROR_POST_API_AUTH_SIGNUP_40001_EMAIL
MSG_ERROR_POST_API_USERS_GROUPS_40000_NAME,Group name must be 2 to 255 characters long.
MSG_ERROR_POST_API_AUTH_SMARTID_INIT_40001,Smart-ID athentication requires users pid
MSG_ERROR_POST_API_AUTH_SMARTID_INIT_40400,Not Found
MSG_ERROR_GET_API_AUTH_SMARTID_STATUS_40010 ,@:MSG_ERROR_GET_API_AUTH_MOBILE_STATUS_40010
MSG_ERROR_GET_API_AUTH_SMARTID_STATUS_40011,The transaction has expired
MSG_ERROR_GET_API_AUTH_MOBILE_STATUS_40010,You have cancelled the log in flow.
MSG_ERROR_GET_API_AUTH_MOBILE_STATUS_40013,"The mobile-ID functionality of your phone is not yet ready. Please try again later. If the problem persists, contact your service provider."
MSG_ERROR_GET_API_AUTH_MOBILE_STATUS_40014,Your phone is either switched off or out of coverage.
MSG_ERROR_GET_API_AUTH_MOBILE_STATUS_40015,Your phone is either incapable of receiving the message or there is a problem with messaging service.
MSG_ERROR_GET_API_AUTH_MOBILE_STATUS_40016,"Phone SIM application error. Try again. If the problem persists, contact your service provider."
MSG_ERROR_GET_API_AUTH_MOBILE_STATUS_40017,Your certificate has been revoked. Please contact your service provider.
MSG_ERROR_POST_API_AUTH_MOBILE_INIT_40020,Incorrect phone number and/or personal identification code. Phone number has to include the country code.
MSG_ERROR_POST_API_AUTH_MOBILE_INIT_40021,Mobile-ID functionality not supported. Please double check phone number and/or id code.
MSG_ERROR_POST_API_AUTH_MOBILE_INIT_40022,Your certficate has been suspended or revoked. Please contact your service provider.
MSG_ERROR_POST_API_AUTH_MOBILE_INIT_40023,"Your certificate has not been activated. Please try again later. If the problem persists, contact your service provider."
MSG_ERROR_POST_API_AUTH_MOBILE_INIT_40024,Your certificate has been suspended. Please contact your service provider.
MSG_ERROR_POST_API_AUTH_MOBILE_INIT_40025,Your certificate has expired. Please contact your service provider.
MSG_ERROR_POST_API_AUTH_MOBILE_INIT_40026,Unknown certificate. Contact your service provider.
MSG_ERROR_POST_API_TOPICS_VOTES_40020,@:MSG_ERROR_POST_API_AUTH_MOBILE_INIT_40020
MSG_ERROR_POST_API_TOPICS_VOTES_40021,@:MSG_ERROR_POST_API_AUTH_MOBILE_INIT_40021
MSG_ERROR_POST_API_TOPICS_VOTES_40022,@:MSG_ERROR_POST_API_AUTH_MOBILE_INIT_40022
MSG_ERROR_POST_API_TOPICS_VOTES_40023,@:MSG_ERROR_POST_API_AUTH_MOBILE_INIT_40023
MSG_ERROR_POST_API_TOPICS_VOTES_40024,@:MSG_ERROR_POST_API_AUTH_MOBILE_INIT_40024
MSG_ERROR_POST_API_TOPICS_VOTES_40025,@:MSG_ERROR_POST_API_AUTH_MOBILE_INIT_40025
MSG_ERROR_POST_API_TOPICS_VOTES_40026,@:MSG_ERROR_POST_API_AUTH_MOBILE_INIT_40026
MSG_ERROR_POST_API_USERS_TOPICS_COMMENTS_40000_TEXT,Statement text can be 1 to 2048 characters long.
MSG_ERROR_POST_API_USERS_TOPICS_COMMENTS_40000_SUBJECT,Main statement can be 1 to 128 characters long.
MSG_ERROR_POST_API_TOPICS_COMMENTS_REPORTS_40000_TYPE,Comment report reason is required
MSG_ERROR_POST_API_TOPICS_COMMENTS_REPORTS_40000_TEXT,Explanation text can be 1 to 2048 characters long.
MSG_ERROR_POST_API_TOPICS_COMMENTS_REPORTS_MODERATE_40010,Report has become invalid cause comment has been updated after the report.
MSG_ERROR_GET_API_TOPICS_VOTES_STATUS_40010,You have cancelled the signing flow and your vote was not counted.
MSG_ERROR_GET_API_TOPICS_VOTES_STATUS_40011,"The signing request has expired. To vote, please start over."
MSG_ERROR_GET_API_TOPICS_VOTES_STATUS_40012,The signature is invalid. Your vote was not counted.
MSG_ERROR_GET_API_TOPICS_VOTES_STATUS_40013,@:MSG_ERROR_GET_API_AUTH_MOBILE_STATUS_40013
MSG_ERROR_GET_API_TOPICS_VOTES_STATUS_40014,@:MSG_ERROR_GET_API_AUTH_MOBILE_STATUS_40014
MSG_ERROR_GET_API_TOPICS_VOTES_STATUS_40015,@:MSG_ERROR_GET_API_AUTH_MOBILE_STATUS_40015
MSG_ERROR_GET_API_TOPICS_VOTES_STATUS_40016,@:MSG_ERROR_GET_API_AUTH_MOBILE_STATUS_40016
MSG_ERROR_GET_API_TOPICS_VOTES_STATUS_40017,@:MSG_ERROR_GET_API_AUTH_MOBILE_STATUS_40017
MSG_ERROR_GET_API_TOPICS_VOTES_STATUS_50001,"DigiDoc Service error. Please try again, if the problem persist contact customer support."
MSG_ERROR_POST_API_USERS_TOPICS_VOTES_40000,The voting has ended.
MSG_ERROR_POST_API_USERS_TOPICS_VOTES_40020,@:MSG_ERROR_POST_API_AUTH_MOBILE_INIT_40020
MSG_ERROR_POST_API_USERS_TOPICS_VOTES_40021,@:MSG_ERROR_POST_API_AUTH_MOBILE_INIT_40021
MSG_ERROR_POST_API_USERS_TOPICS_VOTES_40022,@:MSG_ERROR_POST_API_AUTH_MOBILE_INIT_40022
MSG_ERROR_POST_API_USERS_TOPICS_VOTES_40023,@:MSG_ERROR_POST_API_AUTH_MOBILE_INIT_40023
MSG_ERROR_POST_API_USERS_TOPICS_VOTES_40024,@:MSG_ERROR_POST_API_AUTH_MOBILE_INIT_40024
MSG_ERROR_POST_API_USERS_TOPICS_VOTES_40025,@:MSG_ERROR_POST_API_AUTH_MOBILE_INIT_40025
MSG_ERROR_POST_API_USERS_TOPICS_VOTES_40026,@:MSG_ERROR_POST_API_AUTH_MOBILE_INIT_40026
MSG_ERROR_POST_API_USERS_TOPICS_VOTES_40030,Personal identification code (PID) is already connected to another user account. Signing votes with the same PID from different user accounts is not allowed.
MSG_ERROR_POST_API_USERS_TOPICS_VOTES_40031,Your user account is already connected to another personal identification code (PID). We don't allow voting from the same account with different PID-s.
MSG_ERROR_POST_API_USERS_TOPICS_VOTES_SIGN_40030,@:MSG_ERROR_POST_API_USERS_TOPICS_VOTES_40030
MSG_ERROR_POST_API_USERS_TOPICS_VOTES_SIGN_40031,@:MSG_ERROR_POST_API_USERS_TOPICS_VOTES_40031
MSG_ERROR_GET_API_USERS_TOPICS_VOTES_STATUS_40010,@:MSG_ERROR_GET_API_TOPICS_VOTES_STATUS_40010
MSG_ERROR_GET_API_USERS_TOPICS_VOTES_STATUS_40011,@:MSG_ERROR_GET_API_TOPICS_VOTES_STATUS_40011
MSG_ERROR_GET_API_USERS_TOPICS_VOTES_STATUS_40012,@:MSG_ERROR_GET_API_TOPICS_VOTES_STATUS_40012
MSG_ERROR_GET_API_USERS_TOPICS_VOTES_STATUS_40013,@:MSG_ERROR_GET_API_TOPICS_VOTES_STATUS_40013
MSG_ERROR_GET_API_USERS_TOPICS_VOTES_STATUS_40014,@:MSG_ERROR_GET_API_TOPICS_VOTES_STATUS_40014
MSG_ERROR_GET_API_USERS_TOPICS_VOTES_STATUS_40015,@:MSG_ERROR_GET_API_TOPICS_VOTES_STATUS_40015
MSG_ERROR_GET_API_USERS_TOPICS_VOTES_STATUS_40016,@:MSG_ERROR_GET_API_TOPICS_VOTES_STATUS_40016
MSG_ERROR_GET_API_USERS_TOPICS_VOTES_STATUS_40017,@:MSG_ERROR_GET_API_TOPICS_VOTES_STATUS_40017
MSG_ERROR_GET_API_USERS_TOPICS_VOTES_STATUS_50001,@:MSG_ERROR_GET_API_TOPICS_VOTES_STATUS_50001
MSG_ERROR_POST_API_USERS_TOPICS_EVENTS_40000_TEXT,Text cannot be empty.
MSG_ERROR_HWCRYPTO_USER_CANCEL,You have cancelled the log in flow.
MSG_ERROR_HWCRYPTO_NO_CERTIFICATES,No card in reader. Check if the ID-card is inserted correctly to the reader. New ID-cards have chip on the back side of the card.
MSG_ERROR_HWCRYPTO_NO_IMPLEMENTATION,Digital signing support is not installed. Please visit installer.id.ee website to install the support.
MSG_ERROR_HWCRYPTO_TECHNICAL_ERROR,"Something went wrong in our system. We're very sorry! Please try one more time. If the error persists, please contact our customer support."
MSG_ERROR_PUT_API_USERS_GROUPS_MEMBERS_USERS_40000,Cannot revoke admin permissions from the last admin member in the Group. Assign new admin to change permissions of the current User.
MSG_ERROR_DELETE_API_USERS_GROUPS_MEMBERS_USERS_40000,You cannot leave this Group as you are the last admin user of this Group. Please assign a new admin to leave.
MSG_ERROR_DELETE_API_USERS_TOPICS_MEMBERS_USERS_40010,You cannot delete the last user with admin permissions. Assign a new admin to delete the user.
MSG_ERROR_PUT_API_USERS_TOPICS_MEMBERS_USERS_40000,You cannot remove admin permissions from the last admin user. Please assign admin permissions to another user to change the permissions of the current one.
MSG_ERROR_40300,You don't have permissions to complete the operation.
MSG_ERROR_40400,@:MSG_ERROR_POST_API_AUTH_SMARTID_INIT_40400
MSG_ERROR_50000,"Something went wrong in our system. We're very sorry! Please try one more time. If the error persists, please contact our customer support."
MSG_ERROR_NETWORK_PROBLEMS,"Network issues, please check your internet connection."
MSG_ERROR_ATTACHMENT_SIZE_OVER_LIMIT,Attachment is too big! Maximum size allowed is 50MB.
MSG_ERROR_ATTACHMENT_TYPE_NOT_ALLOWED,File type is not allowed!
MSG_ERROR_POST_API_USERS_TOPICS_ATTACHMENTS_40000_LINK,Attachment link is undefined!
MSG_ERROR_POST_API_USERS_TOPICS_ATTACHMENTS_40000_NAME,Attachment name is undefined!